name,rating
두동면천전리각석,4.617283950617284
외솔생가및기념관,4.590551181102362
석남사,4.487551867219917
장생포고래문화마을,4.386880856760375
반구대암각화,4.385012919896641
울산동헌및내아,4.36036036036036
