name,rating
검단선사박물관,4.154471544715447
강화전적지개소,4.015184381778742
