name,rating
만인의총,4.8076923076923075
고창읍성,4.616835994194485
실상사,4.516666666666667
미륵사지,4.491778774289985
광한루원,4.438718662952646
변산반도국립공원개암사,4.431818181818182
무장읍성,4.4
논개의암사논개사당,4.3896103896103895
백제왕궁박물관,4.370892018779343
적상산사고지,4.35
경기전,4.3246153846153845
