name,rating
제주추사관,4.457671957671957
제주목관아지,4.292808219178082
항몽유적지,4.069510268562401
삼양선사유적지,3.841726618705036
