name,rating
월봉서원빙월당,4.5285714285714285
포충사,4.51948051948052
이장우가옥,4.317073170731708
