name,rating
배론성지,4.580705009276437
충북 용암사,4.5
정방사,4.5
반야사,4.361635220125786
구인사,4.301470588235294
충주탄금대,4.2758037225042305
육영수생가,4.248618784530387
임충민공충렬사,4.241379310344827
동학농민혁명기념공원,4.016666666666667
길상사,3.9310344827586206
선병국가옥,3.6923076923076925
